Player,Class,On Roster,Season,G,PA,AB,H,2B,3B,HR,RBI,R,BB,SO,HBP,SF,SB,CS,AVG,OBP,SLG,OPS,P G,P GS,IP,W,L,SV,P H,P R,ER,P BB,P SO,ERA,WHIP,TC,PO,A,E,FPCT,C INN,SB Att,C CS,CS%
Isabel Findlay,2027,N,2026 Summer,48,129,111,41,9,0,5,35,29,16,12,0,2,4,0,.369,.442,.586,1.027,1,0,0.1,0,0,0,3,6,6,3,0,126.00,18.00,17,8,7,2,.882,,0,0,
Summer Knight,2027,N,2025 Fall,21,39,30,4,1,0,0,2,9,5,8,3,0,1,0,.133,.316,.167,.482,0,0,,0,0,0,0,0,0,0,0,,,23,16,2,5,.783,,0,0,
Austyn Kinch,2028,Y,2026 Summer,26,78,68,24,10,2,0,16,10,9,10,0,1,0,0,.353,.423,.559,.982,0,0,,0,0,0,0,0,0,0,0,,,84,72,12,0,1.000,90.1,14,5,36%
Avery Jones,2028,N,2025 Fall,2,0,0,0,0,0,0,0,0,0,0,0,0,0,0,,,,,28,4,47.1,3,0,1,52,25,19,11,49,2.81,1.33,6,3,3,0,1.000,,0,0,
Avery Jones,2028,N,2026 Summer,0,0,0,0,0,0,0,0,0,0,0,0,0,0,0,,,,,17,7,32.2,4,4,0,54,45,31,18,28,6.64,2.20,6,1,5,0,1.000,,0,0,
Avery Jones,2028,N,2025 Fall + 2026 Summer,2,0,0,0,0,0,0,0,0,0,0,0,0,0,0,,,,,45,11,80.0,7,4,1,106,70,50,29,77,4.38,1.69,12,4,8,0,1.000,,0,0,
Cara Orlando,2028,Y,2025 Fall,33,63,54,10,4,0,1,12,9,6,15,1,2,3,0,.185,.270,.315,.585,1,0,,0,0,0,0,0,0,0,0,,,9,8,1,0,1.000,,0,0,
Cara Orlando,2028,Y,2026 Summer,40,67,57,12,0,1,2,10,15,10,26,0,0,1,1,.211,.328,.351,.679,0,0,,0,0,0,0,0,0,0,0,,,27,26,1,0,1.000,,0,0,
Cara Orlando,2028,Y,2025 Fall + 2026 Summer,73,130,111,22,4,1,3,22,24,16,41,1,2,4,1,.198,.300,.333,.633,1,0,,0,0,0,0,0,0,0,0,,,36,34,2,0,1.000,,0,0,
Charlotte Llaneza,2028,Y,2025 Fall,33,64,49,11,4,0,1,9,21,8,19,6,0,4,0,.224,.397,.367,.764,0,0,,0,0,0,0,0,0,0,0,,,78,59,11,8,.897,40.0,12,4,33%
Charlotte Llaneza,2028,Y,2026 Summer,44,89,67,20,4,1,4,11,26,15,22,6,1,9,1,.299,.461,.567,1.028,0,0,,0,0,0,0,0,0,0,0,,,78,63,11,4,.949,62.0,19,2,11%
Charlotte Llaneza,2028,Y,2025 Fall + 2026 Summer,77,153,116,31,8,1,5,20,47,23,41,12,1,13,1,.267,.434,.483,.917,0,0,,0,0,0,0,0,0,0,0,,,156,122,22,12,.923,102.0,31,6,19%
Gia Bono,2028,N,2025 Fall,33,92,74,29,10,0,3,24,14,12,6,5,1,3,3,.392,.500,.649,1.149,0,0,,0,0,0,0,0,0,0,0,,,156,144,10,2,.987,97.2,33,12,36%
Keira Frazier,2028,N,2025 Fall,33,77,71,28,1,3,0,15,25,4,10,1,1,10,1,.394,.429,.493,.922,11,4,15.2,2,1,0,23,15,8,6,8,3.57,1.85,50,31,14,5,.900,,0,0,
Keira Frazier,2028,N,2026 Summer,48,134,120,49,8,12,1,28,51,6,7,5,2,14,3,.408,.451,.700,1.151,9,1,10.2,0,2,0,18,13,13,10,7,8.53,2.63,120,61,50,9,.925,,0,0,
Keira Frazier,2028,N,2025 Fall + 2026 Summer,81,211,191,77,9,15,1,43,76,10,17,6,3,24,4,.403,.443,.623,1.066,20,5,26.1,2,3,0,41,28,21,16,15,5.58,2.16,170,92,64,14,.918,,0,0,
Keira O’Brien,2028,N,2025 Fall,0,0,0,0,0,0,0,0,0,0,0,0,0,0,0,,,,,1,1,6.0,1,0,0,5,1,1,2,10,1.17,1.17,1,1,0,0,1.000,,0,0,
Kierra Wunderlich,2028,Y,2026 Summer,1,0,0,0,0,0,0,0,0,0,0,0,0,0,0,,,,,23,11,58.2,8,2,0,85,50,35,19,30,4.18,1.77,9,2,6,1,.889,,0,0,
Lyla Seibert,2028,Y,2025 Fall,29,60,52,10,3,0,0,3,16,7,13,0,0,3,1,.192,.288,.250,.538,0,0,,0,0,0,0,0,0,0,0,,,47,38,4,5,.894,,0,0,
Lyla Seibert,2028,Y,2026 Summer,36,61,56,13,1,0,0,4,11,4,13,1,0,0,0,.232,.295,.250,.545,0,0,,0,0,0,0,0,0,0,0,,,42,28,11,3,.929,,0,0,
Lyla Seibert,2028,Y,2025 Fall + 2026 Summer,65,121,108,23,4,0,0,7,27,11,26,1,0,3,1,.213,.292,.250,.542,0,0,,0,0,0,0,0,0,0,0,,,89,66,15,8,.910,,0,0,
Maddie Diaz,2028,Y,2025 Fall,33,86,78,34,3,2,0,19,15,8,12,0,0,7,2,.436,.488,.526,1.014,0,0,,0,0,0,0,0,0,0,0,,,25,23,1,1,.960,,0,0,
Maddie Diaz,2028,Y,2026 Summer,40,78,72,22,2,1,0,3,10,4,15,2,0,1,0,.306,.359,.361,.720,0,0,,0,0,0,0,0,0,0,0,,,47,44,2,1,.979,,0,0,
Maddie Diaz,2028,Y,2025 Fall + 2026 Summer,73,164,150,56,5,3,0,22,25,12,27,2,0,8,2,.373,.427,.447,.873,0,0,,0,0,0,0,0,0,0,0,,,72,67,3,2,.972,,0,0,
Sara Utrera,2028,Y,2025 Fall,27,68,50,11,4,0,0,15,14,13,12,4,1,1,2,.220,.412,.300,.712,0,0,,0,0,0,0,0,0,0,0,,,32,16,14,2,.938,,0,0,
Sara Utrera,2028,Y,2026 Summer,43,90,77,28,9,1,0,17,17,9,16,2,2,1,0,.364,.433,.506,.940,0,0,,0,0,0,0,0,0,0,0,,,48,19,25,4,.917,,0,0,
Sara Utrera,2028,Y,2025 Fall + 2026 Summer,70,158,127,39,13,1,0,32,31,22,28,6,3,2,2,.307,.424,.425,.849,0,0,,0,0,0,0,0,0,0,0,,,80,35,39,6,.925,,0,0,
Sophia Perez,2028,Y,2025 Fall,18,51,46,25,3,1,0,6,18,5,3,0,0,8,0,.543,.588,.652,1.240,0,0,,0,0,0,0,0,0,0,0,,,41,27,14,0,1.000,,0,0,
Sophia Perez,2028,Y,2026 Summer,46,137,115,56,7,2,0,16,43,20,7,2,0,14,2,.487,.569,.583,1.152,0,0,,0,0,0,0,0,0,0,0,,,155,68,71,16,.897,,0,0,
Sophia Perez,2028,Y,2025 Fall + 2026 Summer,64,188,161,81,10,3,0,22,61,25,10,2,0,22,2,.503,.574,.602,1.177,0,0,,0,0,0,0,0,0,0,0,,,196,95,85,16,.918,,0,0,
Ayn Parker Usry,2029,Y,2025 Fall,32,79,69,26,2,1,1,14,8,8,22,0,1,11,2,.377,.436,.478,.914,0,0,,0,0,0,0,0,0,0,0,,,13,12,0,1,.923,,0,0,
Ayn Parker Usry,2029,Y,2026 Summer,46,91,80,19,3,5,1,12,21,8,10,2,0,1,0,.237,.322,.438,.760,0,0,,0,0,0,0,0,0,0,0,,,34,32,1,1,.971,,0,0,
Ayn Parker Usry,2029,Y,2025 Fall + 2026 Summer,78,170,149,45,5,6,2,26,29,16,32,2,1,12,2,.302,.375,.456,.831,0,0,,0,0,0,0,0,0,0,0,,,47,44,1,2,.957,,0,0,
Baylee Giese Edney,2029,Y,2026 Summer,47,121,105,35,5,1,7,39,24,8,22,2,6,2,2,.333,.372,.600,.972,0,0,,0,0,0,0,0,0,0,0,,,188,179,5,4,.979,,0,0,
Kelsey Fliss,2029,Y,2025 Fall,24,64,52,21,4,1,5,18,21,10,15,0,2,9,0,.404,.484,.808,1.292,0,0,,0,0,0,0,0,0,0,0,,,16,15,1,0,1.000,,0,0,
Kelsey Fliss,2029,Y,2026 Summer,48,132,109,37,4,2,9,38,37,18,14,2,3,14,0,.339,.432,.661,1.092,0,0,,0,0,0,0,0,0,0,0,,,63,58,0,5,.921,,0,0,
Kelsey Fliss,2029,Y,2025 Fall + 2026 Summer,72,196,161,58,8,3,14,56,58,28,29,2,5,23,0,.360,.449,.708,1.157,0,0,,0,0,0,0,0,0,0,0,,,79,73,1,5,.937,,0,0,
Kendall LaManche,2029,Y,2025 Fall,10,14,12,7,2,0,0,6,3,2,2,0,0,0,0,.583,.643,.750,1.393,26,22,78.1,13,1,1,69,30,20,30,83,1.79,1.26,26,19,6,1,.962,,0,0,
Kendall LaManche,2029,Y,2026 Summer,0,0,0,0,0,0,0,0,0,0,0,0,0,0,0,,,,,17,10,47.0,4,3,0,66,43,33,17,25,4.91,1.77,9,2,6,1,.889,,0,0,
Kendall LaManche,2029,Y,2025 Fall + 2026 Summer,10,14,12,7,2,0,0,6,3,2,2,0,0,0,0,.583,.643,.750,1.393,43,32,125.1,17,4,1,135,73,53,47,108,2.96,1.45,35,21,12,2,.943,,0,0,
Natalie Hall,2029,Y,2026 Summer,0,0,0,0,0,0,0,0,0,0,0,0,0,0,0,,,,,28,18,91.1,8,6,0,110,60,55,28,87,4.22,1.51,13,5,8,0,1.000,,0,0,
Riley Walker,2029,Y,2025 Fall,13,35,33,10,6,1,0,8,5,1,5,1,0,0,0,.303,.343,.545,.888,0,0,,0,0,0,0,0,0,0,0,,,40,36,1,3,.925,12.1,7,0,0%
Riley Walker,2029,Y,2026 Summer,30,63,60,13,3,0,0,17,2,3,7,0,0,0,0,.217,.254,.267,.521,0,0,,0,0,0,0,0,0,0,0,,,89,80,8,1,.989,96.1,26,10,38%
Riley Walker,2029,Y,2025 Fall + 2026 Summer,43,98,93,23,9,1,0,25,7,4,12,1,0,0,0,.247,.286,.366,.651,0,0,,0,0,0,0,0,0,0,0,,,129,116,9,4,.969,108.2,33,10,30%
Georgia,,N,2025 Fall,4,9,7,3,1,0,0,1,1,1,2,0,0,0,0,.429,.500,.571,1.071,2,2,6.0,1,1,0,9,4,4,2,2,4.67,1.83,2,2,0,0,1.000,,0,0,
